<?xml version="1.0" encoding="ISO-8859-15"?>
<uc-export clientvers="12.1.0+build.9364">
<DOCU name="PCK.CUSTOM_EXECUTE_SSIS_PACKAGES.PUB.DOC">
<HEADER state="1">
<Title>Pack Documentation</Title>
<ArchiveKey1/>
<ArchiveKey2/>
<OH_SubType/>
</HEADER>
<DOCU_Docu state="1" type="text">
<DOC><![CDATA[= About Automic's SSiS Package Execution Action pack =
============================================
This Action Pack is intended to execute Microsoft SQL Server Integration Service (SSIS) Packages. The SSIS Packages must be deployed in the Integration Services Catalogs
Please note that SSiS accept requests from Windows users which uses Windows Authentication only. Please make sure that the SQL Agent accordingly configured.
The Action Pack consists of four different Actions
?	Retrieve SSIS Environment information: Read from the SSIS Database the configuration parameters necessary to use the 'Execute SSIS Package' Action
?	Execute SSIS Packages: Executes a SSIS package
?	Retrieve the SSIS result report from the SSIS package execution
?	Update the internal SSIS system information lists.
Special thanks to Leonard Olteanu and the other Blogs available in the Web. This action based on their inputs.

The installation and user documentation is available in the ZIP Package]]></DOC>
</DOCU_Docu>
</DOCU>
</uc-export>